name,email,phone,company,address,job,website
Jose Manuel Ureña Camino,goyo80@example.org,787-799-9677,Tecnologías Española S.A.,"Alameda Esperanza Vidal 96 Puerta 4 
Huesca, 04369",Archivista,https://walker-ramos.net/
Elvira Yáñez,alexis99@example.com,+34800 507 119,Miller-Levy,"Cuesta Emiliano Diez 70
Teruel, 06519",Coreógrafo,http://hill.net/
Jonathan French,juan-francisco74@example.net,+34 820057537,"Perry, Smith and White","Pasadizo de Goyo Egea 17 Piso 3 
Cádiz, 25039",Tapicero,https://www.jones.com/
Mauricio Salvà-Fernandez,sheilabray@example.com,(933)284-8992x42326,Webb PLC,"40358 Fernandez Knoll Apt. 601
North Jessicaview, OR 79572",Conductor de tranvía,http://www.infraestructuras.org/
Cosme Castell Mayol,bowmannicholas@example.com,(394)205-8499x466,Bermudez & Asociados S.L.,"Camino Maristela Terrón 929
Ceuta, 18006",Controlador de tráfico aéreo,https://www.ray.com/
Theresa Ray,agullojulio@example.org,+34 695 26 67 65,"Cannon, Mills and Miller","USNS Byrd
FPO AE 04895",Product manager,http://rivera-jenkins.com/
Rodney Blair,donnaedwards@example.net,+34 943 73 58 60,Johnson-Lester,"97749 Sherry Ways
Lake Michelleton, PR 80593",Exhibition designer,http://davis.com/
Jose Ignacio Carbonell-Llano,bakersheila@example.com,2198704502,Manufacturas Porras S.Coop.,"946 Reynolds Turnpike
Nicholashaven, NE 39872",Encuadernador,http://palomo.es/
Meagan Harris,ricobonilla@example.net,486.704.4988x573,Industrias Osuna & Asociados S.A.,"17197 Walker Summit Apt. 946
East Lauren, SC 22132",Técnico de radiodifusión y grabación audio visual,http://www.maria.net/
Bridget Garcia,sabasgonzalez@example.org,+34 827 412 277,"Mcmillan, Davis and Robles","Urbanización de Roldán Arnau 78
Zaragoza, 34182",Therapeutic radiographer,https://crosby.com/
Yolanda Quintero Alvarado,walterarce@example.net,(617)495-6861,Téllez y Cases S.L.L.,"Via Valerio Alfaro 581
Palencia, 37779","Modelo de moda, arte y publicidad",https://desarrollo.es/
Tanner Rubio,jesuscortina@example.org,+34 820774866,Piquer y Mármol S.L.N.E,"Unit 0670 Box 9749
DPO AP 47151",Set designer,https://www.allen.com/
Alfredo Leoncio Briones Luís,christine50@example.net,+34971678395,Banco Arellano S.L.,"Cañada de Anselmo Riba 55
Girona, 30603",Peón de obras públicas y mantenimiento,https://www.comercializadora.net/
Olivia Sara Clavero Núñez,julioalarcon@example.org,(752)833-4328x531,Ramsey LLC,"9578 Knapp Via
Lake Joshuabury, PA 28783",Neurosurgeon,http://www.robertson.com/
Brian Smith,nataliachaparro@example.org,+34984 66 69 77,Feijoo y asociados S.Com.,"Callejón Soledad Narváez 146 Puerta 9 
Guadalajara, 50603",Homeopath,https://www.banco.es/
Ángela de Araujo,alejandrotamarit@example.net,+34 800436422,Carbonell & Asociados S.L.,"391 Anna Streets Suite 691
Weaverchester, TX 76982",Profesional de la salud y la higiene laboral y ambiental,https://www.williams.biz/
Graciela Lucía Hurtado Gómez,vicenta63@example.com,519-948-3057,Instalaciones Zapata y asociados S.A.,"Calle Carmina Cuenca 5 Apt. 94 
Guadalajara, 43529",Catador de bebidas,https://www.fields.com/
Willie Garcia,anacleto95@example.org,+34988065103,Adams-Salas,"5940 James Stravenue
Yvonneton, NC 27683","Accountant, chartered public finance",http://www.huertas.com/
Carlota Vicens,bowersalyssa@example.net,+34 941407915,Weaver-Ibarra,"143 Andrew Mill Apt. 683
Taylorberg, CA 55731",Primary school teacher,https://powell.biz/
Balduino Ballester Revilla,sarahmckee@example.net,509-288-6659x0489,"Obrien, Williams and Heath","797 Mora Flat Apt. 058
Webbland, WI 28254",Archaeologist,https://www.castaneda-sanchez.info/
Trinidad Barros Cabello,odiaz@example.com,+34 901 832 500,Industrias del Mediterráneo S.Com.,"Plaza de Porfirio Porta 68
Álava, 44710",Especialista en políticas y servicios de personal,https://www.brown.com/
María Luisa Bonet,rebeccawalker@example.org,(945)815-6024x49889,"Fitzgerald, Christian and Mason","Rambla de Esmeralda Roma 1 Piso 1 
La Coruña, 41114","Sound technician, broadcasting/film/video",https://www.suministros.es/
Zachary Harrington,antonio38@example.org,+1-296-341-9603x792,Infraestructuras Ortiz y asociados S.A.,"Avenida Candelaria Ballester 5 Apt. 81 
Huesca, 23822",Chief Operating Officer,https://inversiones.net/
Flora Sancho Álvarez,ponsruperta@example.org,239.780.3000,Arenas y Boada S.L.,"Via Ciro Carpio 6
Albacete, 45443",Minero,https://gaines-reid.com/
Adrian Lee,allisonharris@example.com,+34813844245,Prats y Exposito S.Coop.,"29445 Hodges Park Apt. 359
Lake Kimberly, IA 04359",Director de industrias manufactureras,https://martinez-hoffman.com/
Jacqueline Macdonald,miguelaiglesias@example.com,(451)313-7926,Distribuciones Alberdi y asociados S.A.,"842 Lisa Divide
Graystad, GU 82403",Advertising art director,https://sergio.org/
Godofredo Páez Mesa,fbrown@example.net,+34944 685 871,Construcción Olivares S.Coop.,"C. Melania Luque 28
Navarra, 42540",Public house manager,https://www.vazquez-rangel.com/
Lance Snow,kim91@example.net,389.464.7921,Carpio & Asociados S.Com.,"Ronda de Custodio Gálvez 9 Puerta 0 
La Coruña, 46145",Ayudante de cámara,https://www.construccion.com/
Jordana Alcalá Doménech,pastorolmedo@example.net,+34 920 24 67 40,Transportes IKFL S.L.,"7015 Jason Groves
Geoffreyburgh, SC 98786","Teacher, special educational needs",http://www.grupo.org/
John Wyatt,lindabrady@example.net,797-878-5330x000,"Johnson, Love and Randall","845 Kelly Stravenue Suite 831
Matthewside, TX 61281","Psychologist, occupational",https://www.turner-turner.com/
Lorenzo Canet,clarkechristopher@example.org,7828233419,Mack-Stone,"Rambla de Francisco Soria 38
Córdoba, 03253",Sports therapist,http://carter.info/
Alejandro Morata Dalmau,thompsonlisa@example.net,+34982 813 598,Velez-Green,"Vial Anastasia Benavides 580 Puerta 4 
Guadalajara, 26154","Engineer, electrical",http://serra.net/
Rickey Macdonald,gonzalo51@example.com,+1-852-231-3274,Campoy & Asociados S.A.,"C. de Albano Cárdenas 29 Piso 6 
Zaragoza, 41128",Sales executive,http://inversiones.com/
George Hooper,sfranco@example.com,+34651 342 350,Fátima Losada Busquets S.A.,"0316 Robert Ports Apt. 129
Howardton, WY 66755",Data processing manager,https://king.com/
Adela del Maldonado,maria-jose81@example.com,(506)947-1279,Fernanda Velasco Gisbert S.Coop.,"6885 Diana Turnpike Suite 928
Greenstad, NH 33410",Occupational therapist,http://www.familia.es/
Kristen Murray,scottandrew@example.com,+1-657-271-1017x276,Smith Ltd,"Alameda Ibán Alberdi 69 Apt. 58 
Asturias, 27745",Dinamitero,http://www.quiros.net/
Mark Hampton,krausejason@example.net,569-948-0737,Hnos Roig S.L.N.E,"71031 Kelly Skyway Suite 920
Peterfurt, MD 84819",Delineante,http://vang.com/
Dakota Lawrence,mcclainpeter@example.com,+34 883 78 53 06,Marco Machado Vallés S.L.N.E,"5276 Steven Trafficway
East Amandaburgh, KS 07448",Herbalist,http://www.familia.net/
Epifanio Castell,sergio43@example.org,399.685.8367x46782,"Cummings, Cooper and Garcia","970 Thomas Island
Avilastad, OR 05329","Pilot, airline",http://www.sullivan-mccormick.com/
Jason Singh,hernandezjacob@example.net,+1-403-483-2069x166,Banco del Noroeste S.C.P,"438 Green Prairie Suite 297
West Melissatown, NY 25558",Further education lecturer,http://cohen.com/
Olivia Bautista Morata,trevilla@example.net,+1-312-574-9816x176,Familia Conesa S.Coop.,"Unit 5029 Box 0905
DPO AP 39585",Further education lecturer,https://promociones.es/
Christopher Jones,dylan80@example.org,716.405.0732x2318,Farmaceútica Ordóñez y asociados S.Coop.,"99309 Ortiz Forge
New Matthewport, NJ 49242",Maestro preescolar,http://scott.org/
Eric Johnson,maxi48@example.com,985.737.8027x3034,Chapman and Sons,"Ronda de Santiago Morante 36
Navarra, 39275",Operador de máquinas para fabricar productos fotográficos,http://www.servicios.net/
Trinidad Aller Cuervo,feijoopio@example.com,+34 715 395 941,Supermercados Badía y asociados S.Coop.,"4512 Schwartz Burg Apt. 899
Jessicamouth, WI 51549",Retail buyer,https://www.hotel.com/
Adora Molins Artigas,josephjohnson@example.org,+34979 843 788,Randolph Inc,"Calle de Apolinar Pareja 47 Puerta 6 
Girona, 20383",Tapicero,https://www.prada.es/
Amelia Haro Losa,ksmith@example.org,+34 852 394 652,"Garcia, Wall and Miller","0402 Ariana Curve Apt. 432
Jamesmouth, KY 77798",Recolector de dinero en aparatos de venta automática y lector de medidores,https://www.rodriguez.com/
Amparo Alberola,joelplana@example.org,+34 876822651,"Weaver, Foster and Mcgrath","668 Cynthia Oval Apt. 793
West Corey, PW 02682",Astrónomos,http://www.ponce.com/
Raúl Espinosa Recio,vcerda@example.net,+34 848 436 144,"Wolfe, Jones and Gibson","7915 Parker Street Suite 035
Jonesberg, SD 59021",Albañil,https://gil.es/
Caridad Puga Coca,berta80@example.com,+34846 83 16 39,Ortiz Inc,"Via de Nacho Nogueira 10 Piso 5 
Valladolid, 04879",Public affairs consultant,https://anacleto.com/
Miriam Nogués,mario06@example.org,+34 880 42 00 19,Talleres Lamas y asociados S.A.,"Cañada Lorenzo Gámez 85
Ciudad, 35927",Clasificador de productos,http://duran.org/
Juan Luis Quiroga Huertas,jesusbenavent@example.org,+34 872446892,Sutton and Sons,"8488 Campbell Squares
North Sharonstad, FL 15638",Decorador de interior,http://www.instalaciones.net/
Arsenio Vallés Granados,williamsmark@example.com,501-488-5361x701,Banca Privada XPT S.L.,"Rambla Marina Vendrell 39 Piso 9 
Cuenca, 47962",Product designer,https://www.sancho.es/
Concha Pera Cuenca,raymond88@example.org,677-396-4224x297,Smith-Willis,"Plaza Ágata Amat 2
Sevilla, 21844",Musician,http://www.azorin.es/
Dylan Rodriguez,esteban34@example.com,370-487-6017x7544,"Cabrera, Nichols and Smith","23388 Smith Passage Apt. 972
Kathleenchester, RI 91860",Técnico de radiodifusión y grabación audio visual,https://instalaciones.com/
Julie Wilson,alecalderon@example.net,+34822 66 90 68,"Park, Sullivan and Baxter","722 Jackson Avenue Suite 955
East Erinshire, WA 70598",Director de teatro,https://miller.com/
Bernardo Iriarte Hidalgo,nuria87@example.net,(581)595-1681x360,"Phillips, Padilla and Parks","Unit 8647 Box 0393
DPO AP 85032",Garment/textile technologist,http://ramsey-campos.com/
Heather Roberts,rosahernando@example.org,732.697.0840x0490,Sainz y asociados S.L.N.E,"Unit 8363 Box 6796
DPO AP 95905",Ingeniero industrial,https://www.williams-fox.org/
Guillermo Mesa Torralba,wcriado@example.org,(547)306-6174x337,"Davidson, James and Singleton","Cañada Hernando Alcalá 7 Piso 6 
Cuenca, 15790",Energy engineer,http://comercializadora.org/
Mariana Conde Alcázar,bienvenidaseco@example.org,+34 973707910,Kelly-Gibson,"525 Collins Forge Suite 500
North Angela, PR 27973",Accommodation manager,http://www.compania.com/
Joel Venceslás Garcés Castañeda,kimberlynorris@example.com,802.763.0579,"Bauer, Walker and Williams","Cañada Roberto Ortuño 543 Piso 0 
Huesca, 18383",Empleado de contabilidad y cálculo de costos,https://kidd.net/
Mireia Fajardo Atienza,morilloursula@example.org,001-595-373-8793,Transportes Soto S.L.,"Cuesta Emelina Fabra 86
Granada, 36189",Claims inspector/assessor,https://www.garcia.com/
Craig Davis,joshuaweiss@example.org,384-761-9701x715,Soluciones del Sur S.C.P,"Via de Imelda Verdú 754
Lugo, 26129",Profesional en redes de computadores,https://www.talleres.com/
Ronald Hatfield,torrescarl@example.net,+34987 48 90 13,Distribuciones Melero y asociados S.A.,"Calle Aarón Ramos 93
Madrid, 50578",Peón de explotaciones agrícolas,https://www.calhoun.com/
Ignacia Roldán Orozco,johnstephens@example.com,+34 927 027 236,Comercial Montes S.Com.,"Calle Pili Arrieta 21 Apt. 83 
Segovia, 20341",Interpreter,https://kennedy-mendez.com/
Mónica Lamas Cuervo,iwashington@example.net,+34 826 71 31 61,Sutton-Miller,"Via Lupe Planas 48 Puerta 7 
Huelva, 28380",Homeopath,http://www.hnos.org/
Patricia Fuentes Vázquez,thomasjohnson@example.com,001-805-717-8541x431,Peters and Sons,"64438 Michael Burgs Suite 462
Port Jacob, MO 57109",Volunteer coordinator,http://www.fernandez-cunningham.com/
Otilia Castellanos,felicia47@example.org,+34703 64 31 70,"Tran, Greene and French","Cuesta Paco Feliu 6 Puerta 2 
Tarragona, 27824",Operador de máquinas para la fabricación de calzado,https://www.miller.info/
Estefanía Calzada Marqués,elbaaparicio@example.org,+34977 367 941,Robles-Peterson,"USS Rivera
FPO AP 83868","Designer, ceramics/pottery",https://industrias.net/
Jeremy Pacheco,ramirezjuan-francisco@example.org,344-800-5498x06828,Miller and Sons,"Calle de Juan Antonio Cabañas 7
Ourense, 38848",Land/geomatics surveyor,https://www.banca.es/
Shane Yu,catalina70@example.com,(573)206-9290,Finanzas del Norte S.L.N.E,"Acceso de Jeremías Garzón 32 Apt. 04 
Zaragoza, 15208",Learning mentor,http://www.smith.com/
Judith Lopez,sward@example.org,277.321.2474,"Phillips, Bass and Frazier","Avenida Sandra Mariscal 231
Navarra, 34937",Profesional en redes de computadores,https://holt-conrad.biz/
Jose Manuel de Vilaplana,mamen73@example.org,+34 749 57 10 12,"Booth, Johnson and Vasquez","Urbanización Agustina Castelló 30 Piso 5 
Álava, 24659",Early years teacher,https://www.chen.com/
Odalys Solera Blanca,zperez@example.net,001-893-718-8493,Carney-Roach,"90094 Johnson Prairie
Smithbury, MS 45928",Forensic scientist,https://thompson.biz/
Mrs. Melissa Spears,jvalera@example.net,(703)780-8951x5305,Acevedo y asociados S.L.N.E,"1680 Laura Crescent
Rodriguezberg, NH 42056",Profesional de nivel medio de servicios estadísticos o matemáticos,https://www.conrado.es/
Martín Arnau Esparza,yanthony@example.org,+34807 515 485,Cardona y Olivares S.L.,"Alameda de Amada Rosselló 65
Alicante, 13785",Race relations officer,http://www.rivas.com/
Luisa Obdulia Arellano Batalla,osmith@example.org,+1-804-704-3663x79164,"Summers, Murphy and Vasquez","Acceso Dionisio Garriga 13
Segovia, 28054",Senior tax professional/tax inspector,http://www.shaw-newton.com/
Crystal Collins,kjones@example.com,001-270-488-3809x445,Despacho Piquer S.Coop.,"Alameda de Yaiza Bas 521 Apt. 40 
Córdoba, 37496",Landscape architect,https://alimentacion.net/
Christopher Delgado,olivapiedad@example.net,482.625.4029x74560,Trini Murcia Arteaga S.A.,"999 Bailey Port
North Virginia, AR 45603","Designer, interior/spatial",http://www.hotel.es/
José María Cepeda Sánchez,scottstephen@example.net,+34817909117,Moore PLC,"Cañada de Alberto Mir 36
Lleida, 50541",Personal directivo de la administración pública,http://smith-cain.info/
James Parks,brewertrevor@example.net,+34 846 971 406,Andrews-Roberts,"Pasaje Germán Polo 96 Piso 3 
Lleida, 44738",Community arts worker,http://townsend.com/
Luciano Avilés Piñeiro,valentina33@example.org,755.899.6688x93357,Heras y Pallarès S.A.,"2322 Collins Parkway
Marshallstad, VT 92625",Impresor,https://virginia.net/
Gregory Thompson,conradomoreno@example.com,+34821 99 44 39,"Hood, Caldwell and Hayes","Rambla Bernarda Borrell 5 Puerta 8 
Ourense, 23133",Peón de la construcción de edificios,http://www.howell.info/
Guiomar de Leon,frank64@example.org,001-839-928-5291x022,Castaneda and Sons,"414 Angela Ways Apt. 642
Jacquelineview, NE 59924",Profesional religioso,http://jose.org/
Carmen Christensen,zfernandez@example.net,745-899-5507x167,Soluciones NWDX S.L.,"Pasaje Severo Marin 3 Puerta 2 
Melilla, 33198",Hydrologist,https://despacho.es/
Ronald Sanchez,michael74@example.org,+34 820539453,Soluciones Aguiló & Asociados S.L.,"Calle de Isa Pardo 87 Apt. 08 
Málaga, 24601","Sales professional, IT",https://www.familia.com/
Dr. Jonathan Long,lewismichelle@example.org,+34 988 35 09 30,Instalaciones ILR S.A.,"Callejón de Rosalía Rodríguez 889 Puerta 0 
Melilla, 07334",Education administrator,http://soluciones.com/
Kelli Harmon,jcarlson@example.com,+34944520096,Transportes Integrales S.L.N.E,"22460 Rivera Hills
Paulstad, GU 83557",Capitán decubierta,http://meyers.org/
Brian Austin,lucianaenriquez@example.org,+34987978430,Allen-Russell,"9479 Conley Estate
Warnerside, MS 46232",Maleter,http://logistica.org/
Carlos Wilson,hcarson@example.com,(592)539-3368x6438,Farmaceútica del Sur S.L.,"46042 Cory View Apt. 082
Jennifershire, OK 51978","Sales professional, IT",https://marques.es/
Meghan Olsen,maximogarriga@example.net,+34886 693 906,Inversiones del Mediterráneo S.Com.,"Paseo de Lucila Benitez 53
Guadalajara, 12274",Agente de servicios de expedición de licencias y permisos,http://tellez.com/
Cayetana Sabater-Ponce,jwagner@example.com,(927)309-3373x237,Lee-Jones,"C. Carmelo Soriano 54
Cantabria, 28483",Tronzador,http://goicoechea.com/
Keith Fisher,garzondesiderio@example.com,+34987895983,Alimentación Martin S.L.N.E,"Calle de María Cristina Amat 36 Piso 8 
Ciudad, 27254",Tapicero,https://www.farmaceutica.org/
Charles Mejia,fdixon@example.com,539.715.2532x40512,Tecnologías XSC S.L.,"Callejón de Concha Feliu 895
Málaga, 16420",Dramatherapist,http://smith.com/
Fito Gallego Trujillo,emilianorovira@example.org,+34959 848 935,Banco VZP S.A.,"Via de Toribio Guardiola 71 Piso 6 
Murcia, 26755",Education administrator,http://www.robles.com/
Christine Richard,selenapaz@example.net,(413)213-1073x322,Hermanos Estévez S.Coop.,"Pasaje de Juan Pablo Solana 403 Piso 8 
Córdoba, 14078",Sales promotion account executive,http://www.marshall.info/
Olivia Flores,michellemoore@example.org,(926)269-1360,Buchanan and Sons,"Calle Consuelo Bueno 97
Baleares, 51310",Leisure centre manager,http://www.inmobiliaria.com/
Amanda Foster,qrobinson@example.org,+34845 09 14 29,Estes Ltd,"52297 Ernest Station
Port Sarah, VT 90665",Environmental education officer,http://www.leonard.com/
Corey Larsen,montesinosnicanor@example.org,+34 872 66 20 82,Restauración Españolas S.L.N.E,"916 Taylor Groves Apt. 612
Bennetttown, TN 34176",Structural engineer,https://www.johnson-scott.org/
Catherine Hayes,raimundo55@example.net,001-853-769-0189,Mccall-Jones,"Alameda Maximiliano Sierra 38
Álava, 31160",Private music teacher,https://comercial.es/
Mary Garza,ale15@example.com,+34 980 254 117,Robinson-Bryant,"84387 Tyrone Highway Apt. 409
Port Barbarashire, CO 32111",Controlador de instalaciones de procesamiento de productos químicos,https://www.transportes.es/
Itziar Salas Giner,cruzkiara@example.org,+34 882 13 85 21,Familia Canales S.L.N.E,"Ronda Fabio Gracia 4 Puerta 3 
Teruel, 44003",Diseñador de prendas,https://www.lee.com/
Marina Sosa Moraleda,emigdiouriarte@example.com,001-243-424-4416x047,Roth Inc,"Calle de Filomena Aguiló 92 Piso 2 
Segovia, 48750",Orthoptist,https://www.supermercados.net/
Baudelio Mancebo-Velázquez,yesica80@example.net,+34828 13 92 09,Medina & Asociados S.Coop.,"Avenida María Dolores Duarte 98
Pontevedra, 41594",English as a foreign language teacher,https://www.construccion.net/
Salvador Fernandez Montoya,sherrijohnson@example.org,+1-252-697-3144x7061,Andrews PLC,"13937 Dunlap Cove
North James, AL 08148",Guardafrenos,http://talleres.net/
Visitación Dávila Carrera,pshepherd@example.net,745.575.2450x3403,Logística Pi S.L.L.,"Cañada Cristian Benitez 614 Puerta 6 
Cáceres, 49030",Instructor de autoescuela,http://inversiones.org/
Aránzazu Segarra Cantón,darevalo@example.com,566-714-4107x84055,"Lopez, Waters and Johnson","Rambla de Paola Cortes 2 Piso 2 
Melilla, 24061",Forest/woodland manager,https://mercado-reyes.org/
Agustín Sevilla Ordóñez,urenaheriberto@example.org,4109846356,"Grant, Williams and Anderson","62447 Krystal Bypass Apt. 801
New John, GU 80835",Empleado de servicios de transporte,https://www.tejero.es/
José Mari Salvà,anguitateobaldo@example.org,+34 822 731 597,Martinez and Sons,"Alameda Charo Sanjuan 84 Puerta 2 
Palencia, 26408",Research scientist (physical sciences),https://www.rivera.es/
Hipólito Carlito Navarrete Larrañaga,evanssharon@example.com,001-628-299-5961,"Munoz, Murphy and Gonzales","Callejón de Odalis Benavente 62
Jaén, 26726",Conductor de autobús,https://www.banca.es/
Ashlee Ellis,anthonywilliams@example.com,(858)298-2647,Chavez-Edwards,"Callejón de Clementina España 83 Apt. 57 
Huelva, 26277","Education officer, museum",https://www.mills-burke.com/
Rachel Wilkins,elorzaprimitivo@example.net,+34 987 978 923,Jones and Sons,"Calle de Lalo Hervás 109 Puerta 8 
Ciudad, 13286",Tramper,https://penas.es/
Nancy Rosales,amorcrespi@example.net,571-752-6699x017,Fonseca y Armas S.L.N.E,"PSC 4832, Box 8226
APO AE 87997",Agente de seguros,https://nichols.com/
Clemente Llorens-Perales,maria-del-carmencastaneda@example.org,+1-396-956-1301x69824,"Anderson, Mcintyre and Anderson","Urbanización Juanito Sanz 68
Castellón, 31824","Psychologist, forensic",https://manufacturas.org/
Bruno Prat,jillianbarker@example.net,+34878083735,"Hansen, Allen and Mercer","60803 Christopher Key Suite 013
North Nicholasburgh, IA 30277",Advertising copywriter,http://martin.com/
Jose Larrea-Oliva,menendezjose-francisco@example.net,+34 841 26 46 51,Wallace Inc,"666 Alan Glen
Deborahberg, PW 91468",Regulador y operador de máquinas de labrar madera,http://www.promociones.es/
Joseph Gallagher,suttondavid@example.org,+34 825 63 88 55,Rogers Ltd,"Vial de Sigfrido Crespi 6
Lugo, 04457",Instructor de autoescuela,https://industrias.org/
Candelas Emma Carro Barrio,owenselizabeth@example.net,+34973065535,"Russell, Strickland and Mcgee","16059 Christopher Junction
South Miguelton, WA 63168","Chemist, analytical",http://soluciones.es/
Jennifer Barrera,geraldoliver@example.org,+34873 08 42 80,Tamarit y Asenjo S.A.,"Alameda Carla Montesinos 76 Piso 9 
Las Palmas, 27709","Civil engineer, consulting",https://www.farmaceutica.org/
Natalie Vasquez,corralnicanor@example.net,925-862-0699,Compañía AW S.A.,"488 Dylan Field Suite 899
New Nathanview, MI 80405",Tourism officer,http://supermercados.es/
Brady Santiago,auravega@example.com,547-965-0351x9263,Ayllón y asociados S.L.,"Cuesta Miguela Bertrán 62
Jaén, 20251",Maquinista de locomotoras,http://www.mccoy-salinas.com/
Jose Luis Gonzalo Soriano,nicolascastro@example.org,+34 973 18 46 31,Mora-Armstrong,"Callejón de Leoncio Cortina 40 Puerta 3 
Cádiz, 36513",Electrotécnico,https://carrasco.com/
William Rosales,carlsonjoanna@example.org,466-457-2714,Promociones del Norte S.Com.,"Cuesta de Isaura Marco 81 Puerta 3 
Álava, 10408","Scientist, research (life sciences)",https://www.desarrollo.es/
Ethan Chapman,torremaribel@example.org,+1-945-542-5209x5313,Guitart & Asociados S.A.,"Paseo de Rocío Céspedes 53
Lugo, 22933",Técnico en ciencias biológicas,https://www.lawrence.biz/
Joel Harvey,xblackwell@example.org,+34925 399 622,"Taylor, Barnes and Sandoval","1942 Miller Street
North Omar, KS 97903",Software engineer,http://www.brown.info/
Mauricio Garrido,avargas@example.org,+34827736429,Hotel Pacheco S.Com.,"Calle de Albino Zabaleta 24 Puerta 3 
Badajoz, 33207",Pintor y empapelador,http://owens-young.info/
Ariel Bou Mateo,evanguzman@example.org,(849)541-4754x443,Rico Aguirre Burgos S.L.,"Rambla Joaquina Ros 95 Puerta 9 
Huelva, 31441",Ingeniero en telecomunicaciones,https://amigo.net/
Francisco Javier de León,manriquejuan-carlos@example.org,+34 828 81 98 36,Adams-Boyer,"PSC 0574, Box 4743
APO AE 75179",Theatre director,https://transportes.es/
Isaac Payne,christina78@example.org,+34980 66 96 86,"Kaiser, Ramirez and Walker","16906 Kyle Lodge
Davenportborough, AK 94800",Asistente farmacéutico,http://www.sanders.com/
Manuel Torrents Casals,uestevez@example.net,+34 943394253,Morales PLC,"Alameda Asdrubal Vendrell 586 Piso 5 
Badajoz, 21031","Social research officer, government",https://www.ramiro.com/
Lucho Gimenez,proberson@example.org,(310)344-4630x14045,Hunter-Cruz,"3982 Cohen Ramp Suite 201
Jacksontown, KY 34641",Camarero de mesa,http://mahoney.info/
Herminio Juan,rivaseladio@example.com,+34 806 215 598,Gill-King,"937 Lance Ramp Apt. 788
Whitetown, FM 34400",Solicitor,https://cohen.com/
Sancho Palomar Tena,vasco59@example.net,(248)711-5845,Tucker Inc,"Camino de Paca Blasco 60 Apt. 30 
Jaén, 40464",Camera operator,http://www.jimenez.com/
John Le,lyonsstephanie@example.org,+34 878 03 23 29,Soluciones Españolas S.L.,"Plaza de Emiliano Vazquez 697
Las Palmas, 08381","Pilot, airline",https://montero.org/
Dorotea Etelvina Campillo Tolosa,lobogregorio@example.com,(951)895-4845x76872,"Flores, Burns and Nash","Ronda de Donato Calderón 757
Sevilla, 49949",Artesano,https://www.conley.com/
Emily Davis,craig78@example.org,+1-841-301-6214x59256,Alimentación Ferrero & Asociados S.A.,"514 Marshall Divide
West Dawnfurt, OR 44670",Photographer,https://wagner.com/
Nicole Faulkner,pcarroll@example.com,+34 806 19 00 10,Miles-Neal,"033 Linda Plains
Staffordfort, UT 90437",Profesional de la salud y la higiene laboral y ambiental,http://banco.es/
José Judith Crespi Benet,alyssacooper@example.com,782-277-8985x6247,Servicios GM S.C.P,"Rambla de Adora Carranza 28
Guipúzcoa, 31297",Receptor de apuestas,http://www.inmobiliaria.com/
Kevin Lane,fcasado@example.com,+34800 98 18 31,Bennett PLC,"PSC 8153, Box 6763
APO AA 58046",Botánico,http://farmaceutica.org/
Galo Carbonell Sotelo,jennamorales@example.org,+34 949837745,Cherry-Delacruz,"Alameda Marciano Medina 39 Apt. 14 
Guipúzcoa, 39971","Conservation officer, historic buildings",https://richards.com/
Juanito Alberto Mur,gardneryolanda@example.net,+34 944964619,Banco Heras & Asociados S.A.,"05020 Duncan Well Suite 664
East Jerry, MP 05272","Nurse, adult",https://www.watts.com/
David Buckley,ogordillo@example.net,+34 902 556 493,Servicios UTG S.Coop.,"0892 Tammy Falls Apt. 513
New Billyhaven, FM 21473","Engineer, materials",http://comercializadora.es/
Juliana Somoza-Solana,barrygeorge@example.net,+34 944 313 024,Consultoría JM S.L.,"Paseo de Ricarda Cuenca 61
Castellón, 34105",Reponedor de estanterías,https://instalaciones.es/
Jessica Cruz,carmonagregorio@example.net,+34947 501 404,"Frazier, Washington and Hamilton","Paseo de Rosalina Valcárcel 720
Valencia, 36949",Field trials officer,http://instalaciones.com/
Jeffrey Mckinney,jeremygraham@example.com,(461)581-5864x0955,Tecnologías Olmedo S.L.,"Callejón de Valero Mateo 5 Puerta 6 
Ávila, 15649",Curador de museos,http://www.adkins-smith.com/
Jane Hernandez,humberto83@example.org,902-667-7169x3512,Soluciones Mateu S.A.,"Rambla Heriberto Ribera 70 Apt. 59 
Toledo, 48928",Supervisor de secretaría,https://rivero.net/
Nayara del Sevilla,sandersnancy@example.net,408.421.4437x37876,"Long, Mcpherson and Reed","Alameda de Nerea Montalbán 588
Baleares, 03994",Quarry manager,http://higgins.org/
Robert Rodriguez,lemegan@example.com,+34 886 63 57 92,"Harris, Walker and Carlson","1021 John Plain Suite 156
Orozcofort, CT 95894",IT technical support officer,http://clayton-white.com/
Michael Jones,rodrigocortina@example.com,+34925871871,Urrutia & Asociados S.L.L.,"978 Brown Roads Apt. 795
Murphyborough, AR 91855",Amenity horticulturist,https://black-marks.org/
Fito Francisco Bueno,miriam85@example.org,+34 983604841,"Schmidt, Merritt and Gutierrez","Cuesta Calixto Llopis 25 Piso 6 
Cádiz, 02949","Gerente de sucursales de bancos, de servicios financieros y de seguros",http://www.allen.com/
Scott King,belen08@example.org,+34925 080 808,Erasmo Serra Noriega S.Coop.,"Via Nico Bernal 163
Cádiz, 01579",Instalador y reparador en tecnología de la información y las comunicaciones,http://johnson.com/
Jennifer Kelley,suegreen@example.com,763-460-7453x4744,Thompson PLC,"Pasaje Bernarda Benavent 1 Apt. 79 
Vizcaya, 47453",Land/geomatics surveyor,http://tormo.es/
Patricia Jordan,cooperjennifer@example.net,+34810260841,Mendoza & Asociados S.A.,"Cuesta de Inocencio Tamayo 17 Piso 3 
Pontevedra, 38410","Embryologist, clinical",https://www.berger.com/
Reinaldo Olmedo Guitart,olivaressandalio@example.org,+34 888 46 39 86,"Martinez, Cook and Smith","Camino de Óscar Ángel 804 Puerta 6 
Cantabria, 21033",Paediatric nurse,https://cross.net/
Amanda Peñas Agudo,parejovalero@example.com,604-495-6298,Mayol y asociados S.L.,"Pasaje Gema Ureña 54 Apt. 01 
Segovia, 17329",Ggeofísico,https://joseph.com/
Fidela Cal Caro,herasmicaela@example.net,+34924 782 114,Baker-Webster,"68128 Bender Walks Suite 318
Carolynborough, PR 62714","Doctor, general practice",http://hnos.org/
Lázaro Félix Castrillo Ugarte,youngdebbie@example.com,+34 885 789 670,Industrias Españolas S.Coop.,"339 Butler Pine
Dorisfurt, NC 25224","Lecturer, higher education",http://vega.com/
Adán Vilar Gisbert,fpetty@example.org,+34 968 360 253,Alegre y Marí S.Com.,"Cuesta Glauco Company 87
Las Palmas, 19125",Operador de máquinas de movimiento de tierras,https://www.williams.com/
Florentina Novoa Aroca,michael25@example.net,323-938-2343x3496,"Thomas, Navarro and Garcia","1308 Lester River
South Wendychester, IL 71516","Pharmacist, community",https://hernandez.biz/
Jacobo Tomé,mgutierrez@example.com,(220)979-7312,"Garner, Kelley and Reed","Cañada de Manuel Ponce 81
Murcia, 22855",Horticultural therapist,https://despacho.net/
Diana Liu,marino10@example.com,+34981853555,Minería YY S.A.,"4316 Christopher River Apt. 273
Lake Samuelfort, ND 78462",Clasificador de desechos,http://www.rowland-sandoval.biz/
Lourdes Manu Alemán Colomer,wesleywarner@example.com,+34726033004,Grupo Lorenzo S.A.,"274 Watkins Meadows Suite 705
West Joanneburgh, MO 64041",Soplador de vidrio,http://familia.es/
Nerea Arenas Arenas,nathanhill@example.org,+34 875 26 70 59,Manufacturas Españolas S.L.L.,"498 Lambert Vista
East Timothybury, AS 70345","Engineer, materials",https://www.harvey.biz/
Dr. Zoe Marquez MD,xvilla@example.org,(379)875-1925x40310,Manufacturas Española S.Coop.,"6299 Douglas Lakes
Christinahaven, KY 65132",Operador de maquinaria agrícola y forestal móvil,https://www.smith.com/
Lucas Villena Toledo,mariahwilliams@example.net,629-294-1919x252,"White, Moore and West","Camino Alfonso Planas 79 Piso 6 
Ourense, 13388",Especialista en formación del personal,http://distribuciones.com/
Severo Gelabert Piñol,holdertommy@example.net,4824609199,Pedrosa y Cañellas S.A.,"811 Mills Ridges
Crystalchester, MN 74843",Special educational needs teacher,http://hernandez-wyatt.com/
Robin Olson,davidwebb@example.org,+34 822 063 193,Bailey Ltd,"Unit 8780 Box 2988
DPO AA 49326",Declarante de aduana,https://swanson.info/
Ciriaco del Muñoz,grandolph@example.net,4792742457,"Anthony, Schmidt and Alvarez","Acceso Albano Pagès 704 Apt. 22 
Badajoz, 49877",Set designer,http://richardson.com/
Arturo Miranda Sosa,cipriano87@example.net,+34974202050,Quintana & Asociados S.L.,"8136 Fritz Ferry Apt. 966
West Angelaborough, CA 58478",Maestro preescolar,https://www.banco.com/
Tere Moles Bayona,eric08@example.com,(407)720-5212,Malone Ltd,"2023 Terri Pine Suite 546
Lake Toddberg, VT 47401",Quality manager,http://www.despacho.net/
África Sotelo Aznar,fvalverde@example.net,420-852-4238x018,"Anderson, Garcia and Johnson","6523 Forbes Radial Suite 753
Marystad, AL 58891",Peón de jardinería y horticultura,http://www.morales.biz/
Eligio Batalla,mossshirley@example.net,+34979 97 69 60,Banca Privada HPF S.A.,"9471 Leah Islands Suite 251
South Carltown, VT 66317",Health and safety inspector,http://www.snyder.org/
Gregory Vega,felicidadcanellas@example.org,+1-509-674-8601x866,Hunt-Hogan,"2219 Nash Estate
East Rachel, WI 59981",Químico,http://www.valdez.com/
William Stevens,khudson@example.com,+34 882 223 366,Inversiones PHR S.L.,"28096 Karen Bypass Suite 630
Smithton, SC 37347",Agente de empleo,https://gonzalo.es/
Seve Santamaría-Huguet,monicaromero@example.net,+34 844 45 61 05,Burnett Group,"PSC 7502, Box 4606
APO AP 31048",Tipógrafo,https://transportes.org/
Nicole Parker,stephensonevan@example.com,+34 926 38 60 84,"Santana, Swanson and Green","Rambla Aristides Vilaplana 49
La Rioja, 46120",Risk manager,https://www.carter.com/
Teobaldo Guitart,kdavis@example.org,+34825871330,Rivera Group,"Avenida de Mariano Elías 7 Puerta 5 
Álava, 05257",Sericultor,http://www.industrias.com/
Ágata Lumbreras,candido87@example.com,+1-934-266-0023,"Carpenter, Brown and Campbell","Glorieta Violeta Ibarra 59
Cáceres, 16037","Designer, industrial/product",https://inversiones.es/
Jacinta Arranz Aguiló,pgonzalez@example.net,695-678-8745x4247,Hotel Reig S.Coop.,"8811 Janet Way Suite 760
Sellersmouth, WI 92474",Operador de instalaciones de vidriería y cerámica,https://dalila.es/
Ana Fábregas Coloma,charoamador@example.net,(607)326-2848x3484,Hermanos Sacristán S.A.,"Cuesta de Custodia Iniesta 890 Apt. 85 
Granada, 22802",Trabajador social de nivel medio,https://west-smith.org/
Thomas Davis,sally32@example.net,+34 741 10 23 86,Brown Inc,"321 Heather Estates Apt. 957
Cindytown, RI 14156",Operador de instalaciones de procesamiento de la madera,http://www.tovar.es/
Emilio Valle Carbonell,cvigil@example.net,(611)623-1129,Familia Aguirre S.Com.,"C. de Jose Antonio Arranz 15 Piso 9 
Madrid, 23745",Emergency planning/management officer,https://jackson.biz/
Kathy Byrd,gcase@example.net,+34 923 51 88 47,Holmes-Powers,"67648 Andrew Bypass
Glennmouth, WY 82291",Chief Executive Officer,http://villegas-smith.net/
Aitana Macías Uría,sosimobernad@example.com,+1-430-952-6205x668,Fábrica BS S.L.N.E,"689 Jon Drive Suite 514
Melissachester, VT 47738",Herramentista,https://marquez.com/
Sosimo Falcón-Canals,anthonymartin@example.net,+34983 890 020,"Solis, Morales and Cox","015 Carrillo Bridge
Edwardsshire, MT 82949",Furniture conservator/restorer,https://despacho.es/
Candelaria Cantero Alcalde,rebeccahobbs@example.org,+34987 442 374,Farmaceútica Dominguez S.Coop.,"Acceso Asdrubal Sotelo 8
Almería, 07713",Chief of Staff,https://parker.com/
Robert Pitts,sarita72@example.com,+34877421802,Ward-Copeland,"008 Jessica Route
Hayeschester, PW 23090",Best boy,http://consultoria.org/
Candace Delgado,salesteresita@example.net,+34902 926 270,Hoyos y Castell S.Com.,"29614 Buck Shoals Apt. 261
Glassberg, MO 63349",Planchador manuales,https://simon.com/
Hermenegildo Leandro Camino Anguita,palomavazquez@example.net,7796731181,Grupo Ayuso S.Com.,"C. de Irene Gordillo 587
Guipúzcoa, 15233",Pulidor de vidrio,http://www.mccann.com/
Joshua Stanley,ulisesroig@example.net,+1-596-421-3935x5847,Talleres Roldán S.Com.,"615 Rogers Junction
South Alexaville, OH 18514","Pharmacist, community",http://vanesa.com/
Joseph Bryant,ferreretelvina@example.org,+34935 36 18 03,Adriana Benavent Martínez S.L.,"Cuesta de Amparo Hoyos 68
Almería, 03438",Manufacturing engineer,https://www.suministros.es/
Celia Amor Flor Tur,christopher75@example.net,+34946817153,"Frazier, Washington and Jefferson","Avenida Jose Miguel Báez 804 Puerta 8 
Vizcaya, 06799",Corrector de pruebas de imprenta,https://heredia.es/
Aitor Blazquez Cantón,kevinkelley@example.net,480.367.4222,Hotel Botella y asociados S.A.,"Pasaje de Erasmo Ramírez 1
Guadalajara, 14591",Environmental education officer,https://wright.com/
Daniel Juarez,sonyathompson@example.com,+34979562210,"Oconnor, Shields and Long","4938 Connie Summit
North Trevor, MD 60697",Abogado,http://www.lutz.info/
Filomena Fabra,garyanderson@example.net,+34 985526893,Hnos Ibáñez S.A.,"Paseo Isidro Arnau 75 Apt. 47 
Jaén, 24171",Cocinero,https://www.campillo.org/
Melissa Brady,danilo77@example.com,+34 861 48 80 30,Terrón y Sarabia S.L.N.E,"878 Bentley Court
North Hailey, WV 53605",Consignatario,https://industrias.es/
Aaron Lawson,chapmanalexis@example.net,+34948213306,Maldonado and Sons,"92090 Duke Road Suite 543
Cherylborough, NM 37469",Public affairs consultant,https://anderson.biz/
Douglas Wood,olloret@example.org,+34902 307 077,"Griffith, Carlson and Durham","Cañada Toño Sanchez 15 Piso 7 
Burgos, 22925","Programmer, multimedia",http://jackson.com/
María Fernanda Pazos Cepeda,austinhicks@example.net,(529)500-4116x9907,"Lee, Carlson and Nelson","Alameda Tiburcio Paniagua 13
Vizcaya, 48357",Arts administrator,http://desarrollo.com/
Cindy Stone,turnerbrittany@example.net,+34986388549,Infraestructuras Rodrigo S.L.L.,"9653 Wolf Pine
Cindyland, SC 25134",Chartered loss adjuster,http://www.apolinar.net/
Pepita Jurado Salom,davidmccormick@example.org,+34 974 818 413,Hnos Múñiz S.L.U.,"45197 Phillip Oval
Millerburgh, OR 15532",Ensamblador de maquinaria mecánica,http://gibson.info/
Leanne Graham,Sincere@april.biz,1-770-736-8031 x56442,Romaguera-Crona,,,hildegard.org
Ervin Howell,Shanna@melissa.tv,010-692-6593 x09125,Deckow-Crist,,,anastasia.net
Clementine Bauch,Nathan@yesenia.net,1-463-123-4447,Romaguera-Jacobson,,,ramiro.info
Patricia Lebsack,Julianne.OConner@kory.org,493-170-9623 x156,Robel-Corkery,,,kale.biz
Chelsey Dietrich,Lucio_Hettinger@annie.ca,(254)954-1289,Keebler LLC,,,demarco.info
Mrs. Dennis Schulist,Karley_Dach@jasper.info,1-477-935-8478 x6430,Considine-Lockman,,,ola.org
Kurtis Weissnat,Telly.Hoeger@billy.biz,210.067.6132,Johns Group,,,elvis.io
Nicholas Runolfsdottir V,Sherwood@rosamond.me,586.493.6943 x140,Abernathy Group,,,jacynthe.com
Glenna Reichert,Chaim_McDermott@dana.io,(775)976-6794 x41206,Yost and Sons,,,conrad.com
Clementina DuBuque,Rey.Padberg@karina.biz,024-648-3804,Hoeger LLC,,,ambrose.net
Colby Durgan,rlakin@yahoo.com,+13529445617,,,,
Viola Littel,bernier.lonny@yahoo.com,+18624742943,,,,
Corbin Yundt,halle.schaden@kiehn.biz,+19197658067,,,,
Lowell Koch,sschimmel@volkman.net,+17813130419,,,,
Imani Kassulke,btowne@yahoo.com,+16269902020,,,,
Angelica Koelpin,conrad53@yahoo.com,+17403017743,,,,
Rene Ferry,mina71@sanford.net,+14693374625,,,,
Haylie Grant,mia42@williamson.info,+13189142635,,,,
Casimir Lindgren,nterry@morissette.com,+17139003581,,,,
Dulce Schiller,gquitzon@hotmail.com,+17797961072,,,,
Caden Hand,pbrakus@leannon.com,+12289465148,,,,
Jaquan Graham,krystal77@yahoo.com,+13057282965,,,,
Darrell Dooley,benedict.ullrich@yahoo.com,+12406469033,,,,
Jessica Russel,terry.brown@heathcote.info,+18589676557,,,,
Gillian Mueller,schroeder.karson@oconner.net,+19856867191,,,,
Stephanie Heathcote,davis.mireya@hotmail.com,+15102937987,,,,
Nona O'Reilly,lolita.daniel@lind.org,+16783392514,,,,
Nelda Okuneva,madaline.schneider@gmail.com,+13528195518,,,,
Gus Hodkiewicz,jessica43@hotmail.com,+16297062378,,,,
Maximillian Turcotte,zelma.carroll@hotmail.com,+17063681332,,,,
Maximillian Lindgren,frami.olga@yahoo.com,+14436168351,,,,
Monserrate Hoppe,bbergnaum@gmail.com,+15635197199,,,,
Otha Reichert,madie15@gmail.com,+18784722166,,,,
Tremaine Blanda,borer.braulio@bergnaum.com,+17477458120,,,,
Abel Hoeger,mitchell.herzog@yahoo.com,+18016808180,,,,
Adele Fritsch,antoinette.schuppe@hettinger.net,+16026227625,,,,
Lucius Barrows,purdy.dorothy@connelly.com,+13607624189,,,,
Aracely Upton,daphney.mayert@yahoo.com,+16163747043,,,,
Amya Cartwright,rozella.schimmel@friesen.com,+16165131806,,,,
Hilton Grimes,johnson82@vonrueden.com,+13613939369,,,,
Dejah Christiansen,reina90@hotmail.com,+19493740982,,,,
Clemmie Abernathy,gardner97@wolf.com,+19089780169,,,,
Jennyfer Watsica,harris.modesto@strosin.com,+12697578540,,,,
Reymundo Schmeler,mcdermott.liliana@hotmail.com,+19313643818,,,,
Annabell McGlynn,bode.johnathan@gmail.com,+17698160711,,,,
Noah Lemke,smitham.amy@reichert.biz,+18595710824,,,,
Isaias Ernser,wunsch.irwin@mitchell.info,+17027197725,,,,
Garnett Price,hwilliamson@schuster.biz,+12622109276,,,,
River Pacocha,donnelly.polly@yahoo.com,+15205673171,,,,
Jerod Hauck,nlittel@yahoo.com,+18172350200,,,,
Elfrieda Dicki,palma33@toy.com,+19516028750,,,,
Dudley Smitham,monty68@gmail.com,+13469410783,,,,
Rigoberto Muller,albertha22@yahoo.com,+16126254090,,,,
Fausto Hodkiewicz,braun.olin@gmail.com,+15806130931,,,,
Trisha Rutherford,juliana.balistreri@hotmail.com,+14582267700,,,,
Eliza Walker,maximilian.gottlieb@reynolds.com,+17792504629,,,,
Lilly Smith,ceasar31@hotmail.com,+15163530996,,,,
Lyda Parker,bode.iva@schmitt.info,+14308554940,,,,
Lorenz Bogisich,reba38@hotmail.com,+15093237608,,,,
Wyatt Hessel,hal.schamberger@towne.com,+17632379182,,,,
Kelli Schamberger,btoy@hotmail.com,+12343409133,,,,
Misty Turcotte,mustafa70@carroll.com,+17747501422,,,,
Tess Wuckert,bud.schamberger@lehner.info,+18326126341,,,,
Richmond Predovic,nya.marquardt@gmail.com,+15613715384,,,,
Jared Thiel,garland.heaney@bahringer.info,+12609120943,,,,
Rod Deckow,walsh.tessie@beahan.com,+15416090088,,,,
Jannie Harris,deonte.barrows@lakin.com,+14076840606,,,,
Kamryn Gutmann,armstrong.gianni@yahoo.com,+15399700284,,,,
May Considine,carlie.wiza@yahoo.com,+12527980043,,,,
Adela Hartmann,darian99@leannon.biz,+16507161773,,,,
Kaylie Yundt,triston11@hagenes.biz,+16694461586,,,,
Salma White,jalon.tillman@bauch.net,+17576065315,,,,
Carroll Ward,sabernathy@hotmail.com,+19545652427,,,,
Ora Flatley,torp.candido@nader.com,+13199131608,,,,
Verlie Beer,emanuel97@yahoo.com,+12533965080,,,,
Ferne Hand,bahringer.grover@abbott.com,+15859044943,,,,
Dagmar McGlynn,ernest.stracke@yahoo.com,+19349052572,,,,
Bud Davis,laisha57@denesik.com,+12079213302,,,,
Shayne Trantow,lockman.lesley@ohara.com,+16409564087,,,,
Kimberly Cassin,fadel.maye@gmail.com,+15678230374,,,,
Coralie Powlowski,rutherford.corine@hotmail.com,+15303280610,,,,
Taryn Schoen,sanderson@gmail.com,+17657956274,,,,
Blake Cummings,santiago02@stark.com,+17344386980,,,,
Erin Gottlieb,reinhold.pacocha@hotmail.com,+17178630101,,,,
Mary Grimes,marco24@yahoo.com,+17063248128,,,,
Oswaldo Veum,haag.shaylee@hyatt.net,+14638367206,,,,
Monica Homenick,emilia.bernier@frami.com,+14634507308,,,,
Aliya Robel,considine.petra@gmail.com,+18724659122,,,,
Abbey Schuppe,marlene35@yahoo.com,+19512840474,,,,
Candido Ziemann,gerry.huels@tillman.com,+16517716845,,,,
Halle Goyette,hkoch@hotmail.com,+13322578119,,,,
Barbara Kshlerin,jay.leffler@hotmail.com,+16898647312,,,,
Meggie Herzog,uriah85@stehr.net,+12602024313,,,,
Susana Marks,immanuel.keebler@yahoo.com,+19568096250,,,,
Carey Gorczany,cfritsch@heathcote.com,+15743050065,,,,
Austen Langworth,tremblay.judd@larson.com,+19893276822,,,,
Margaretta Little,haylie73@brekke.com,+15865303355,,,,
Moses Heathcote,louisa09@kirlin.org,+18089441954,,,,
Waylon Marks,xemard@gmail.com,+19144251986,,,,
Trudie Prosacco,fletcher42@bosco.com,+19598987288,,,,
Brody Fisher,hstroman@hotmail.com,+15802152715,,,,
Roxane Hauck,woodrow.flatley@harris.com,+19099567559,,,,
Fausto Beier,gorczany.enrique@keebler.net,+16825238177,,,,
Jensen Heidenreich,nfisher@gerlach.com,+14782958226,,,,
Roscoe Mayert,maynard.heathcote@yahoo.com,+13213991005,,,,
Alphonso Prohaska,monserrat02@von.com,+13466869315,,,,
Taya Pacocha,jane.durgan@wilderman.org,+12143773578,,,,
Carole Dach,lula.koch@smith.com,+14793652973,,,,
Laney Kemmer,qtorphy@gleichner.net,+14324745413,,,,
Brian Harber,madaline67@rodriguez.com,+18149171858,,,,
